"Gupta, Units of Measurement: Past, Present and Future."
"""Berkeley Nobel laureates donate prize money to charity""."
"""Fundamental issues of reactive wetting by liquid metals."""
World and Its Peoples: Eastern and Southern Asia.
Cognitive systems engineering: New wine in new bottles.
The ceratopsian subfamily Chasmosaurinae: sexual dimorphism and systematics.
The page is different from the announcement page.
See Catalogue of CSS classes for full list.
Should the sysops do something to stop it?
Theophylline metabolism in human liver microsomes: inhibition studies.
When will the Chinese WP change its skin?
Such experiments would be unethical for human research.
These quotes include other details of Humbert's narration.
"The Archaeological Evidence Proves It,"" and Steiner, M."
"Annals of the Association of American Geographers, Vol."
Art Without Boundaries: The world of modern dance.
Inside Hitler's Germany: Life Under the Third Reich.
"Additionally, you should also include a GFDL notice."
DTL Sega Expected to Move HQ To S.
"""Greenland Glaciers Losing Ice Much Faster, Study Says""."
"Conservation, ecology, and management of African fresh waters."
Please name your files descriptively to avoid confusion.
The dialect in Tianyang has its own character.
Mounted Archers: The Beginnings of Central Asian History.
WE MUST ALSO TRY JIMBO WALES FOR TREASON!
Sleepwalking Through History: America in the Reagan Years.
West Point: Two Centuries of Honor and Tradition.
La Colonialidad del Saber: Eurocentrismo y ciencias sociales.
The Volunteer Community: Creative Use of Human Resources.
Pharmacological and Therapeutic Properties of Cannabidiol for Epilepsy.
"New York, New York: Longmans, Green, and Co."
Extracellylar materices of developing chick retina and cornea.
"""Where Is There Consensus Among American Economic Historians?"
"Check your spelling, or create a new account.'"
The origin of cultivated plants in Southeast Asia.
Atomic Audit: The Costs and Consequences of U.
The Microbiome and Risk for Obesity and Diabetes.
Their right to the district was formally recognized.
"States fascism's ""goals of radical and authoritarian nationalism""."
"""Two Persistent Dimensions of Democracy: Contestation and Inclusiveness."""
Transnational Spaces and Identities in the Francophone World.
Native American Place Names of the United States.
A History of Women in Science and Engineering.
"""Exaggerated heart rate oscillations during two meditation techniques""."
History of Ancient Chinese Firearms and Black Powder.
And I never was able to do arithmetic.
"""The Downsides of Israel's Missions of Mercy Abroad""."
"Evans, ""The development of the Blues"" in A."
Concepts of Death: A key to our adjustment.
Questia - The Online Library of Books and Journals.
How the Ceratopsia carried and used their head.
GLQ: A Journal of Lesbian and Gay Studies.
The Australian Museum Complete Book of Australian Mammals.
The logic is believed to work as follows.
"""Libraries for sociability: the advance of subscription library."""
"""Sex ratio and unisexual sterility in hybrid animals""."
"Behrent, ""Liberal Dispositions: Recent scholarship on French Liberalism."""
Reproduction is authorized provided the source is acknowledged.
"Surrey Beatty & Sons Pty Ltd, Chipping Norton, NSW, ."
"""Satan in Europe: The Geography of Witch Hunts""."
"About Time: Einstein's Unfinished Revolution, Paul Davies, p."
"Toch, The Economic History of European Jews pp."
A directional asymmetry in Chinese tone sandhi systems.
Under this plan Formosa was assigned to China......
Orbital ordering can be controlled through applied strains.
These trade speed and stability for high maneuverability.
Larson's Book of World Religions and Alternative Spirituality.
"""Revisiting leptin's role in obesity and weight loss""."
Enemy at the Gates: the Battle for Stalingrad.
The image has faint amounts of yellow throughout.
The arrows may or may not be clustered.
"Translated into English, revised and enlarged by M."
United Nations Department of Economic and Social Affairs.
Proceedings of International Conference on Parallel Computing Technologies.
It cannot be worse under the German one.
"Select the desired year and click ""show data."""
A Very Brief Tract Concerning the Philosophical Stone.
Thoughts on the relations between emotion and cognition.
Soon Judd ceased attending the CMS training institute.
Neither Man Nor Woman: The Hijras of India.
Comparisons avec celui divers Peridiniens fibres et parasites.
"The Results of a Survey on Forty Propositions""."
"""The document in question was the Cairo Declaration."
French Nineteenth Century Oil Sketches: David to Degas.
To the Padre Guardiano she reveals her identity.
"Ann Arbor, MI: UMI Proquest Information and Learning."
Miller instead supported shipping the garbage to Michigan.
"""Personality Correlates of Pedophilia: Are They Reliable Indicators?"""
'The Sociology of Talcott Parsons' Chicago University Press.
Sweden vs apartheid: putting morality ahead of profit.
The articles that might be deleted from ja.
However they were not fully consecrated traditional temples.
Freshwater Snails of Africa and their Medical Importance.
"""Is William Gibson's 'Neuromancer' the Future of Movies?"""
Grzimek's Animal Life Encyclopedia article on American bison.
A short account of the history of mathematics.
"""Further evidence for leptin involvement in cartilage homeostases""."
Translated with an introduction and notes by J.
Membership is of limited duration in most cases.
How did the Bolsheviks Cope with National Sentiments?
"In ""Comfortable Quarters for Laboratory Animals"" Eds V."
"""The last year of King Taksin the Great""."
"From 'Recollections From Home' by Henriette Lund, p."
The Oxford Illustrated History of the Royal Navy.
The Ottoman administration ignored the name of Macedonia.
"Garrow, Bearing the Cross: Martin Luther King Jr."
Proceedings of the Fifth International Snow Leopard Symposium.
Many of them not much more than boys.
"Clinical Methods: The History, Physical, and Laboratory Examinations."
"Text and translation in Manetho, translated by W."
Cutaneous adverse eVects of lithium: epidemiology and management.
"Elning irodasi erkinlik erur, Erkinlik erkini esadi masrur."
Lifelines from Our Past: A New World History .
British feminism has an increasingly notorious TERF problem.
Shifting it down a bit fixes the problem.
Masters and Johnson on Sex and Human Learning.
Sexual reorientation therapy for pedophiles: Practices and controversies.
Includes a summary of Scott's and Fletcher's articles.
"Greek and Frankish are used by the merchants."""
"Klein, ""Critiques of transaction cost economics: An overview""."
Higher Education and Silicon Valley: Connected but Conflicted.
"Time, work, and culture in the Middle Ages."
"Scott Appleby, American Academy of Arts and Sciences."
"Department of Primary Industries and Water, Tasmania website."
Norms in International Relations: The Struggle Against Apartheid.
"""House Offers Incentives For Development of 'Orphan' Drugs""."
"The move inflamed the players, Manchester United's especially."
"Berkeley, CA: Regents of the University of California."
God's War: A New History of the Crusades.
They should link to the appropriate topic instead.
Phylogeny of the Acipenseriformes: cytogenic and molecular approaches.
"Other synonyms include ""First Peoples"" and ""Native Peoples""."
"Neuhoff, ""Quantization"", IEEE Transactions on Information Theory, Vol."
A neutral territory exists between Gibraltar and Spain.
"In Daniels and Bright, The World's Writing Systems."
Applications of enzymic aldol reactions in organic synthesis.
"""Languoid, Doculect, and Glossonym: Formalizing the Notion 'Language'."""
"""Bloomberg Vows to Work at Center of Things""."
There will be news I can not discover.
"Department of Economic and Social Affairs, United Nations."
"""The importance of quantum decoherence in brain processes""."
An Investigation into Testing Drugs and Safeguarding Health.
"Daniel Defoe: The Life and Strange, Surprising Adventures."
"H; ""Introduction: From Rocks to Living Cells"" pp."
"""Uses of Personal Names by Early Virginia Indians""."
"Smith, Professor of History, University of Texas, S."
Leave blank if name is only in English.
"On that page, Bakker has his own T."
"The NIST Reference on Constants, Units, and Uncertainty."
"This Seems Like The Path Straight To Hell!"""
"Habicht, ""The Seleucids and their rivals"", in A."
"Review of Times Square Red, Times Square Blue."
Collapse: How Societies Choose to Fail or Succeed.
The relative timing of active and passive touch.
Stoermer: Dinoflagellate phagotrophy in the upper Great Lakes.
Please set transponder on mode Sierra while taxing.
"Bass, Freedom's Battle: The Origins of Humanitarian Intervention."
"Arts and Culture, An Introduction to the Humanities."
"Wright, Chris Venditti, Walter Jetz, and James H."
One reason is to internalise an externality problem.
Getting Off: Pornography and the End of Masculinity.
A proponent of this view is Gottfried W.
"I, Longman, Brown, Green, Longmans and Roberts, p."
Channeling: Investigations on Receiving Information from Paranormal Sources.
The verb has different stems for different tenses.
We begin where we ended six centuries ago.
"James Kennedy, The Real Meaning of the Zodiac."
Raise ur hand if you are not gay!
"""Rescue Plan to Improve Subways Includes Removing Seats""."
World Anthropologies: Disciplinary Transformations in Systems of Power.
"Observations on the Tasmanian Devil, Sarcophilus harrisii II."
Dembski as the Logos theology of John's Gospel.
"""The Economics of Invention: A Survey of Literature""."
Aleskovskiji: Singlet Oxygen: Methods of Preparation and Detection.
"In ASCII, return * first byte of the string."
The words here are over the lazy dog.
"""Artistic Enclave Gets Its Footing In Rhode Island""."
"In Essays in Social Neuroscience, edited by J."
"""The evolving role of obesity in knee osteoarthritis""."
Do you consider yourself to be a Jew?.
"""There have been a number of suicide attacks."
It may also follow conflicts that transcend boundaries.
Minorities in Iran: Nationalism and Ethnicity after Khomeini.
Dinosaur monophyly and a new class of vertebrates.
"De ces boutades, on peut tirer plusieurs conclusions."
Berkeley and Los Angeles: University of California Press.
"The telegram was short and unambiguous: ""Quatsch"" - i."
Should government spending on capital goods be raised?.
"John Anthony, Anugraha Publications, Tamil Nadu, India, Sep."
Philosophical transactions of the Royal Society of London.
"""Soho BID gets green light amid community opposition""."
Powering China's Development: The Role of Renewable Energy.
What has been the effect of this coercion?
These proteins are highly selective for sodium ions.
"""The history and interpretation of sauropod skin impressions."""
"I was like, 'Fuck this; it's going on!'"
"It will live in the legends of Arabia."""
It appears in Hermann Weyl's review of P.
Five hundred years: a history of South Africa.
"""In Buddhist Sanskrit, it was known as Bharuka."""
You can search via Google in the meantime.
Biographical sketches of memorable Christians of the past.
Construction of biologically functional bacterial plasmids in vitro.
Transformations of silicic acid prepared by tetraethoxysilane hydrolysis.
"""Big Character Posters in China: A Historical Survey""."
"Eine neue Untersuchung zu Poseidonios, Caesar und Tacitus."
"Menchi, u r using some very lovely words..."
Freud Scientifically Reappraised: Testing the Theories and Therapy.
We are grateful to everyone for their help.
"Psychological perspectives on lesbian, gay and bisexual experiences."
"World Religions in America, Fourth Edition: An Introduction."
Chow Chou Son and Others for Purchase R.
"Locatie, Chinese tuin Het Verborgen Rijk van Ming."
A Neglected Argument for the Reality of God.
"""The Origins and Globalization of Traffic Control Signals""."
Decision support systems: concepts and resources for managers.
"Mawdudi and the Making of Islamic Revivalism, Ch."
"Berkeley: University of California, Berkeley, Department of Linguistics."
The implementation declares no prototype for this function.
"""The Competitive Allocation Process Is Informationally Efficient Uniquely."""
"Peirce and Victoria Lady Welby, edited by C."
"As a result, the membrane cannot be repolarized."
"""Eton waits for verdict in Harry 'cheating' case""."
"Project, as she graduated soon after its release."
"I asked him, 'without God and immortal life?"
"About portuguese traditions of bacalhau, in BARATA, F."
The embodied mind: cognitive science and human experience.
Shark Diving Protea Banks - Dive with Bullsharks + Tigersharks.
The following templates should be placed atop articles.
Lincoln and the Economics of the American Dream.
"It may * also contain a grammatical transformation, e."
Ancient Greece and Rome: An Encyclopedia for Students.
"Henriksen, 'The Rise and Decline of Rogue States'."
"""Simpson's Paradox and the Hot Hand in Basketball""."
Ideology and International Relations in the Modern World.
"CONDITIONS OF ALCOHOLIC BEVERAGES CONSUMPTION AMONG POLISH CONSUMERS""."
THIS WILL TAKE YOU TO THE APPROPRIATE TEMPLATE.
Turning the Tables on Jesus: The Mandaean View.
Directly the teacher came in everyone was quiet.
"""Families of phenolic compounds and means of classification."""
Advanced Modeling for Transit Operations and Service Planning.
Politicians and Apartheid: Trailing in the People's Wake.
Brain basics: genes at work in the brain.
"""The Internal Relationships of Six Western Plains Languages."""
Alternative edit policies at Wikipedia in other languages.
"Bully for Brontosaurus: Reflections in Natural History, W."
"Please consider breaking the page into smaller sections."""
Celebrations of Death: The Anthropology of Mortuary Ritual.
He also wrote for the instruction of others.
Hall: A Phobos and Deimos Sample Return Mission.
"""It contained merely a statement of common purpose."
All other copyright notices can safely be ignored.
A History of Chinese Black Powder and Firearms.
"They may be dispersed, or may be clustered."
Armenian Military Divisions in the Great Patriotic War.
Willows and Poplars of Great Britain and Ireland.
Consciousness recovered: Psychological functions and origins of thought.
"""A Contrarian's Lament in a Blitz of Gentrification""."
Akkad was probably located between Sippar and Kish.
"Democracy can be fully realised only through Socialism."""
"""Creston provided quiet retreat for controversial church leader""."
Neutrality on the part of editors is essential.
United States Department of Agriculture: National Agriculture Library.
The Mark XV had collars to prevent circulars.
Langensalza: Erstes Auftreten des Roten Kreuzes im Kriege.
"In the beginning was intelligence, purpose, and wisdom."
"Berlin escapes""; North Sports Final Edition Associated Press."
The Army Air Forces in World War II.
Somatic responses to psychological stress: The reactivity hypothesis.
"If the problem persists, contact a system administrator.'"
In: Relationships and Mechanisms in the Periodic Table.
"""Verse Chorus Verse: The Recording History of Nirvana."""
Anthony: 'Is It a Crime for a U.
This may indicate a bug in the software.
"""Pterosaurs as a food source for small dromaeosaurs""."
I created a large list of formats here.
The Penguin Dictionary of Curious and Interesting Geometry.
"Lists: Dynamic dispatch, abstraction, subtype polymorphism, and inheritance."
Cultures at war: moral conflicts in western democracies.
So in English it has a good connotation.
EventArgs Dim ins As New clsName RaiseEvent ins.
"""Taking Office, de Blasio Vows to Fix Inequity""."
Real Roshambo tournaments are an interesting psychological exercise.
No deaths are reported among foreign tourists yet.
"Greverse, Abundances of the elements: Meteoritic and solar."
Quote: the best selling commercial airliner in history.
"""Coffee: Who grows, drinks and pays the most?"""
He also resembled Feanor very much in face.
Cognac: The story of the world's greatest brandy.
Clark University Department of Mathematics and Computer Science.
Industrial Relations: Origins and Patterns of National Diversity.
"""First Discovery of Dinosaurs in the American West."""
"Migrating Genders: Westernisation, Migration, and Samoan Fa'afafine, p."
Also contains a short review by Samuel H.
The Agile Gene: How Nature Turns on Nurture.
In estuaries seasonal river outflows influence tidal flow.
Encyclopedia of Religious Controversies in the United States.
Occupation: The Policies and Practices of Military Conquerors.
Transactions of the Geological Society of South Africa.
The University of Texas Medical Branch at Galveston.
MD The Evaluation of Children With Hearing Loss.
No poseen actualmente ritos tradicionales para el matrimonio.
"Tzouras, ""The Greek Flag, Original Historic Study"", A."
"This program is referred to as 'Mission Sucre'."""
"The Ancient Languages of Mesopotamia, Egypt and Aksum."
"'Toxicities of raw Alocasia odora', Human & Experimental Toxicology."
This is the result of the exchange interaction.
"McCargo, Media and Politics in Pacific Asia, p."
In no uncertain terms: a South African memoir.
"""That's why we eventually walked away from them."
State Formation in Korea: Historical and Archaeological Perspectives.
"""Single nucleotide polymorphisms and recombination rate in humans""."
"Rankin, The difference between consecutive prime numbers, J."
Interventions to slow progression of myopia in children.
"Ramses II: Egyptian Pharaoh, Warrior, and Builder, p."
"Includes ""A Guide to Newton's Principia"" by I."
Christian Science on Trial: Religious Healing in America.
Alastrim smallpox variola minor virus genome DNA sequences.
"""New York, Philadelphia, and other northern cities: phonology""."
"""The ultimate guide to Icelandic delicacies, part one""."
Australian Chinese community Association of New South Wales.
"""Assimilation, accommodation, and the dynamics of personality development""."
The Aldol Reaction: Group I and II Enolates.
"Kazakhstan, Kyrgyzstan, Tajikistan, Turkmenistan, and Uzbekistan: Country Studies."
"Qu'ils trouvent ici l'expression de ma profonde gratitude."""
"Carlisle, Encyclopedia of Play in Today's Society, vol."
"""Becoming Yellow: A Short History of Racial Thinking""."
The French Navy and the Seven Years' War.
"MaMing R, Xu F, Cheng Y, et al."
Southern Africa in crisis: regional and international responses.
"Mumford, ""Social innovation: ten cases from Benjamin Franklin."""
Comparative population genomics of maize domestication and improvement.
Conjectures and Refutations: The Growth of Scientific Knowledge.
"Testing the hypothesis on neontological and paleontological evidence."""
Speaking Culturally: Language Diversity in the United States.
The second refers to the Swiss citizens only.
"Gustav Cassel's Analysis of the Interwar Gold Standard""."
The name of the rabbit is not reported.
La fabulosa aventura de los bandoleros del mar.
Faust's Gold: Inside The East German Doping Machine.
"In: Walker HK, Hall WD, Hurst JW, editors."
"Sten: Deformities of the ear; In: Grabb, W."
"""Where does the money for that come from?"""
Residential cogeneration systems: review of the current technology.
"""The Making of Oliver Cromwell"", in Morrill, ed."
This is not empire; it is a U.
Developing Writers in Higher Education: A Longitudinal Study.
United States Bureau of Citizenship and Immigration Services.
Also playing rounds during this time was K.
Each circle represents the position of one atom.
Optimization of process parameters through statistical experimental designs.
"Journals of Ayn Rand, edited by David Harriman."
She and her order established an orphanage there.
They use igloos as hunting or emergency shelters.
Imperfect Understanding: Intimate Portraits of Modern Chinese Celebrities.
Publisher: Canoe Press University of the West Indies.
It is one of Maxwell's equations governing electromagnetism.
"Essai d'une monographie du genre Ananas"", Annales Cient."
On the Principles of Political Economy and Taxation.
"""The Categories Shan and Kachin and their Subdivisions""."
"Le Potential Thermodynamique et ses Applications, Hermann, Paris."
But I am interested in that bloody history.
The Origins and Development of the English Language.
For any example there is a counter example.
"A Handbook of Their History and Characteristics, Vol."
National Museum of the United States Air Force.
"""The texts of Bach's Church cantatas: some observations""."
"Economic Theory, Applications and Issues Working Paper No."
The exact location is open for a vote.
China plays down fears after satellite shot down.
It exists in every corner of the world.
The Complete Idiot's Guide to Past Life Regression.
See also URLs of old versions of pages.
Xiao Yi Trying to Swipe the Lanting Scroll.
Agreement on the Conservation of Albatrosses and Petrels.
"""Letters to Nature: Molecular structure of Nucleic Acid."""
"Then it will be intelligible in all countries"".'"
"Critiques and Addresses by Thomas Henry Huxley, LL."
"Selected and Edited by Frank Kafker, James M."
Korea's Place in the Sun: a Modern History.
That problem is the problem of this book.
"Symposium on Circuits and Systems, San Francisco, Apr."
"Contribution of joint tissues to their articular production""."
It will live in the annals of war...
Egypt renews state of emergency for two years.
"Rich, Jewish Feminism in Israel: Some Contemporary Perspectives."
"Sylvain Auroux, History of the Language Sciences vol."
United States Centers for Disease Control and Prevention.
"The kaleidoscope of gender: prisms, patterns, and possibilities."
Are you sure you want to do this?
Peer assessment between students in colleges and universities.
Even Marxists of the New Left like E.
"""An annotated checklist of dinosaur species by continent."""
But can the objector show faith without works?
People can check the Jargon File for them.
"See the ""Definition, identity and relationships"" section below."
"In Meiosis: Bernstein C and Bernstein H, editors."
Revision dates and editors' names will be preserved.
"Other forms are powder, shot, and single crystals."
Results from a comparative survey of European journalists.
"These probably refer to two nearby Messier objects."""
"Werner, Observation of Gravitationally Induced Quantum Interference, Phys."
The woman holds a spear and sheathed sword.
Series: Cambridge Studies in the Dialogues of Plato.
"The New Palgrave: A Dictionary of Economics, v."
The Illustrated Flora of Britain and Northern Europe.
"""The effects of cigarette smoking on overnight performance""."
Many rifles also had their headspace improperly set.
"A People's History of the Supreme Court, p."
"Getz, Principles of Electronic Instrumentation and Measurement, p."
The similarity seems to me to be genetic.
Poxviruses and the origin of the eukaryotic nucleus.
There are several reasons for this to occur.
"""Eton and the making of a modern elite""."
"For example, they are responsible for arranging marriages."
"Ulmer was known as ""the Capra of PRC""."
Joint cognitive systems: Patterns in cognitive systems engineering.
"Unified Treatment for Homogeneous and Electrode Reactions"" J."
"Puttaswamy, ""The Accomplishments of Ancient Indian Mathematicians"", pp."
German Paintings of the Fifteenth through Seventeenth Centuries.
"Institutions, Ethnicity, and Political Mobilization in South Africa."
"Disorders of hemoglobin: genetics, pathophysiology, and clinical management."
"A Passion for DNA: Genes, Genomes, and Society."
Man Bites Dog: Hot Dog Culture in America.
"In The Politics of the Extreme Right, ed."
"Their goal is to establish a ""superior"" society."""
The quote is from the Greek historian Herodotus.
The National Geographic Picture Atlas of Our Universe.
"The NPR Listener's Encyclopedia of Classical Music, p."
The Excavation and Celebrity of Andrew Carnegie's Dinosaur.
"Handbook for Travelers in Russia, Poland, and Finland."
"Brisbane: School of Economics, The University of Queensland."
Millions of square miles of territory were lost.
Negotiating Language Policy in Schools: Educators as Policymakers.
Hitler's 'Programme' and the Genesis of Operation 'Barbarossa'.
"Runner's World Complete Book of Running, Rodale Books."
Both her parents were children of German immigrants.
The Washington Manual Obstetrics and Gynecology Survival Guide.
Please make sure you follow these steps now.
"Please share your thoughts below, and ping me."
Culinary archaeology: Millet noodles in Late Neolithic China.
See briefing papers linked on this web page.
"Reprinted in the AIAA Journal of Aircraft, Vol."
A Practical Guide to Islamic Monuments in Morocco.
New reagent for oxidation of alcohols to carbonyls.
"""Remarks on the North American sauropod Apatosaurus Marsh""."
"""Fear and anxiety: Evolutionary, cognitive, and clinical perspectives""."
The children do hope to go to college.
Ahmadinejad: the secret history of Iran's radical leader.
"Soon, very soon, I shall be at peace."
"McIver, Rating The Presidents, A Ranking of U."
And I tried to correct it and failed.
Impact of oligomerization on the allergenicity of allergens.
"The Principles of Humane Experimental Technique, Methuen, London."
To Sherlock Holmes she is always the woman.
"Indeed, I should have thought a little more."
"Peculiar— that is the very word, said Holmes."
"Yes, he continued, glancing out of the window."
"I think that I had better go, Holmes."
This is my substitute for pistol and ball.
Ah! how cheerfully we consign ourselves to perdition!
You will if you stay in the East.
"My good opinion once lost, is lost forever."
Men to the left! Women to the right!
Love means never having to say you’re sorry.
It does not do to dwell on dreams.
"Beware; for I am fearless, and therefore powerful."
Real courage is when you know you’re licked.
There are no men like me; only me.
It was a bright cold day in April.
He was an old man who fished alone.
The man in black fled across the desert.
I would always rather be happy than dignified.
You pierce my soul. I am half agony.
Of course it is happening inside your head.
He who controls the spice controls the universe.
"So we beat on, boats against the current."
"From there to here, from here to there."
He beat me like he beat the children.
"But, soft! what light through yonder window breaks?"
The course of true love never did run smooth.
Though she be but little she is fierce.
There are more things in heaven and earth.
"Go then, there are other worlds than these."
We have nothing to fear but fear itself.
"Cancel the cuts, lower the cost, save healthcare."
There is grandeur in this view of life.
Our life is what our thoughts make it.
"All models are wrong, but some are useful."
"I walk slowly, but I never walk backward."
Faith is a state of openness or trust.
Life is the sum of all your choices.
"The faster you go, the shorter you are."
People living deeply have no fear of death.
When one is pretending the entire body revolts.
I love life because what more is there.
"Success is not final, failure is not fatal."
"Everything has beauty, but not everyone sees it."
Be the change that you wish to see.
Injustice anywhere is a threat to justice everywhere.
